<?xml version="1.0" encoding="UTF-8" standalone="yes"?><RootElement><mWaypoints><additionalInformation>Z�rich-Kloten</additionalInformation><latitude>N47275</latitude><longitude>E008329</longitude><name>LSZH</name></mWaypoints><mWaypoints><additionalInformation></additionalInformation><latitude>N47161</latitude><longitude>E008004</longitude><name>VEBIT</name></mWaypoints><mWaypoints><additionalInformation></additionalInformation><latitude>N47114</latitude><longitude>E007435</longitude><name>ROTOS</name></mWaypoints><mWaypoints><additionalInformation></additionalInformation><latitude>N46573</latitude><longitude>E004176</longitude><name>ULMES</name></mWaypoints><mWaypoints><additionalInformation>Genf</additionalInformation><latitude>N46143</latitude><longitude>E006066</longitude><name>LSGG</name></mWaypoints><mLegs><distance>24.790366814697073</distance><from>LSZH</from><heading>242.82170537189384</heading><time>2.9748440177636484</time><to>VEBIT</to></mLegs><mLegs><distance>12.401368755643079</distance><from>VEBIT</from><heading>247.83228123208005</heading><time>1.4881642506771695</time><to>ROTOS</to></mLegs><mLegs><distance>140.92825866969977</distance><from>ROTOS</from><heading>265.5166197945111</heading><time>16.911391040363974</time><to>ULMES</to></mLegs><mLegs><distance>86.3598053144934</distance><from>ULMES</from><heading>240.80118436819362</heading><time>10.363176637739208</time><to>LSGG</to></mLegs><speed>500.0</speed><totalDistance>264.4797995545333</totalDistance><totalTime>31.737575946544</totalTime></RootElement>